player_name,team_abbreviation,age,player_height_cm,player_weight_kg,college,country_born_in,draft_year,draft_round,draft_number,gp,pts,reb,ast,net_rating,oreb_pct,dreb_pct,usg_pct,ts_pct,ast_pct
Trevor Ariza,LAL,37,203.2,97.52228,UCLA,USA,2004,2,43,24,4,3.4,1.1,-5.3,0.02,0.151,0.11,0.449,0.079
CJ Miles,BOS,35,198.12,99.79024,No College,USA,2005,2,34,1,0,0,0,-100,0,0,0,0,0
Lou Williams,ATL,35,187.96,79.3786,None,USA,2005,2,45,56,6.3,1.6,1.9,0.8,0.02,0.084,0.215,0.5,0.196
Paul Millsap,PHI,37,200.66,116.573144,Louisiana Tech,USA,2006,2,47,33,3.5,3.5,0.9,-3.5,0.096,0.182,0.158,0.458,0.121
P.J. Tucker,MIA,37,195.58,111.13004,Texas-Austin,USA,2006,2,35,71,7.6,5.5,2.1,6.2,0.052,0.146,0.116,0.593,0.107
Goran Dragic,BKN,36,190.5,86.18248,None,Slovenia,2008,2,45,21,7.5,3.1,4.1,0.4,0.027,0.104,0.166,0.474,0.227
DeAndre Jordan,PHI,33,210.82,120.20188,Texas A&M,USA,2008,2,35,48,4.3,5.5,0.4,-10.8,0.127,0.262,0.132,0.641,0.051
Danny Green,PHI,35,198.12,97.52228,North Carolina,USA,2009,2,46,62,5.9,2.5,1,3,0.025,0.091,0.121,0.561,0.065
Patty Mills,BKN,33,182.88,81.64656,St.Mary's College of California,Australia,2009,2,55,81,11.4,1.9,2.3,1.5,0.008,0.055,0.16,0.563,0.106
Patrick Beverley,MIN,33,185.42,81.64656,Arkansas,USA,2009,2,42,58,9.2,4.1,4.6,3.7,0.038,0.119,0.158,0.539,0.249
Hassan Whiteside,UTA,33,213.36,120.20188,Marshall,USA,2010,2,33,65,8.2,7.6,0.4,10.1,0.142,0.275,0.164,0.662,0.031
Lance Stephenson,IND,31,195.58,95.25432,Cincinnati,USA,2010,2,40,46,8.3,2.8,3.6,-7,0.014,0.149,0.219,0.536,0.298
Nemanja Bjelica,GSW,34,205.74,106.140528,None,Serbia,2010,2,35,71,6.1,4.1,2.2,5.2,0.055,0.187,0.175,0.573,0.204
Isaiah Thomas,CHA,33,175.26,83.91452,Washington,USA,2011,2,60,22,8.4,1.3,1.5,-1.3,0.012,0.071,0.245,0.516,0.155
Bojan Bogdanovic,UTA,33,200.66,102.511792,None,Croatia,2011,2,31,69,18.1,4.3,1.7,4.8,0.027,0.106,0.232,0.599,0.086
Davis Bertans,DAL,29,208.28,102.0582,None,Latvia,2011,2,42,56,5.6,2.1,0.6,1,0.014,0.127,0.165,0.531,0.054
Draymond Green,GSW,32,198.12,104.32616,Michigan State,USA,2012,2,35,46,7.5,7.3,7,7.2,0.034,0.204,0.14,0.582,0.325
Jae Crowder,PHX,31,198.12,106.59412,Marquette,USA,2012,2,34,67,9.4,5.3,1.9,10.2,0.017,0.16,0.146,0.541,0.08
Tomas Satoransky,WAS,30,200.66,95.25432,None,Czech Republic,2012,2,32,55,3.6,2.3,3.3,-8,0.029,0.11,0.124,0.461,0.285
Will Barton,DEN,31,195.58,82.100152,Memphis,USA,2012,2,40,71,14.7,4.8,3.9,2,0.02,0.128,0.205,0.548,0.171
Khris Middleton,MIL,30,200.66,100.697424,Texas A&M,USA,2012,2,39,66,20.1,5.4,5.4,5.4,0.019,0.136,0.255,0.577,0.246
James Ennis III,DEN,31,198.12,97.52228,Cal State-Long Beach,USA,2013,2,50,7,4.1,1.7,0.4,0.9,0.086,0.121,0.206,0.553,0.081
Raul Neto,WAS,30,187.96,81.64656,None,Brazil,2013,2,47,70,7.5,1.9,3.1,-3.3,0.01,0.089,0.18,0.538,0.228
Mike Muscala,OKC,30,208.28,108.86208,Bucknell,USA,2013,2,44,43,8,3,0.5,1.8,0.032,0.166,0.198,0.63,0.06
Dwight Powell,DAL,30,208.28,108.86208,Stanford,Canada,2014,2,45,82,8.7,4.9,1.2,2.5,0.099,0.134,0.136,0.725,0.081
Jerami Grant,DET,28,203.2,95.25432,Syracuse,USA,2014,2,39,47,19.2,4.1,2.4,-7.8,0.017,0.108,0.253,0.556,0.13
Joe Harris,BKN,30,198.12,99.79024,Virginia,USA,2014,2,33,14,11.3,4,1,1.1,0.012,0.109,0.146,0.624,0.047
Jordan Clarkson,UTA,30,193.04,87.996848,Missouri,USA,2014,2,46,79,16,3.5,2.5,8.7,0.03,0.091,0.258,0.532,0.144
Spencer Dinwiddie,DAL,29,198.12,97.52228,Colorado,USA,2014,2,38,67,13.7,4.2,5.2,-1,0.022,0.111,0.208,0.543,0.27
Thanasis Antetokounmpo,MIL,29,198.12,99.336648,None,Greece,2014,2,51,48,3.6,2.1,0.5,-10.1,0.083,0.129,0.155,0.577,0.071
Nikola Jokic,DEN,27,210.82,128.820128,None,Serbia,2014,2,41,74,27.1,13.8,7.9,8.4,0.09,0.313,0.309,0.661,0.388
Cedi Osman,CLE,27,200.66,104.32616,None,Turkey,2015,2,31,66,10.7,2.2,2,-1.8,0.017,0.08,0.206,0.563,0.144
Pat Connaughton,MIL,29,195.58,94.800728,Notre Dame,USA,2015,2,41,65,9.9,4.2,1.3,-0.7,0.025,0.13,0.137,0.62,0.067
Richaun Holmes,SAC,28,208.28,106.59412,Bowling Green,USA,2015,2,37,45,10.4,7,1.1,-5.8,0.082,0.198,0.153,0.689,0.068
Willy Hernangomez,NOP,28,210.82,113.398,None,Spain,2015,2,35,50,9.1,6.8,1.3,-1.6,0.153,0.24,0.211,0.582,0.113
Josh Richardson,SAS,28,195.58,90.7184,Tennessee,USA,2015,2,40,65,10.2,2.8,1.8,4.5,0.026,0.087,0.171,0.573,0.105
Montrezl Harrell,CHA,28,200.66,108.86208,Louisville,USA,2015,2,32,71,13.1,6.1,2,3,0.092,0.163,0.198,0.68,0.139
Norman Powell,LAC,29,190.5,97.52228,UCLA,USA,2015,2,46,45,19,3.2,2.1,-8.1,0.013,0.089,0.231,0.603,0.106
Georges Niang,PHI,29,200.66,104.32616,Iowa State,USA,2016,2,50,76,9.2,2.7,1.3,1.9,0.014,0.097,0.16,0.594,0.09
Ivica Zubac,LAC,25,213.36,108.86208,None,Croatia,2016,2,32,76,10.3,8.5,1.6,-3.5,0.115,0.223,0.168,0.66,0.097
Jake Layman,MIN,28,203.2,94.800728,Maryland,USA,2016,2,47,34,2.4,1.1,0.3,-3.4,0.025,0.123,0.16,0.5,0.055
Abdel Nader,PHX,28,195.58,102.0582,Iowa State,Egypt,2016,2,58,14,2.4,1.9,0.5,-0.9,0.026,0.145,0.139,0.431,0.065
Cheick Diallo,DET,25,203.2,99.336648,Kansas,Mali,2016,2,33,3,3.7,4,0,-50.7,0.098,0.296,0.145,0.517,0
Petr Cornelie,DEN,26,210.82,99.79024,None,France,2016,2,53,13,1.1,1.1,0.2,5.8,0.159,0.219,0.208,0.418,0.115
Tyrone Wallace,NOP,28,195.58,89.811216,California,USA,2016,2,60,6,2.8,1.3,0.2,-9.9,0,0.133,0.13,0.383,0.017
Malcolm Brogdon,IND,29,195.58,103.872568,Virginia,USA,2016,2,36,36,19.1,5.1,5.9,-0.4,0.026,0.121,0.241,0.557,0.271
Dillon Brooks,MEM,26,200.66,102.0582,Oregon,Canada,2017,2,45,32,18.4,3.2,2.8,11,0.03,0.08,0.283,0.515,0.147
Frank Jackson,DET,24,190.5,92.98636,Duke,USA,2017,2,31,53,10.6,1.6,1,-6.8,0.015,0.058,0.203,0.53,0.077
Isaiah Hartenstein,LAC,24,213.36,113.398,None,Germany,2017,2,43,68,8.3,4.9,2.4,7,0.097,0.158,0.177,0.664,0.193
Davon Reed,DEN,27,195.58,93.439952,Miami,USA,2017,2,32,48,4.4,2.3,1.1,0.3,0.021,0.14,0.117,0.624,0.115
Damyean Dotson,NYK,28,195.58,95.25432,Houston,USA,2017,2,44,2,2,1,0.5,-0.8,0,0.111,0.089,0.5,0.071
Sterling Brown,DAL,27,195.58,99.336648,Southern Methodist,USA,2017,2,46,49,3.3,3,0.7,2.3,0.039,0.187,0.124,0.495,0.078
Semi Ojeleye,LAC,27,198.12,108.86208,Southern Methodist,USA,2017,2,37,30,3.3,2.5,0.3,-16.6,0.057,0.111,0.126,0.438,0.033
Thomas Bryant,WAS,24,208.28,112.490816,Indiana,USA,2017,2,42,27,7.4,4,0.9,-9.1,0.06,0.187,0.188,0.607,0.083
Wes Iwundu,ATL,27,198.12,88.45044,Kansas State,USA,2017,2,33,3,7.3,4.3,0,-1.4,0.036,0.143,0.111,0.557,0
Vlatko Cancar,DEN,25,203.2,107.047712,None,Slovenia,2017,2,49,15,4.1,2.1,1.1,0.8,0.041,0.133,0.131,0.657,0.139
Jordan Bell,CHI,27,200.66,97.975872,Oregon,USA,2017,2,38,1,0,1,0,25,0.5,0,0,0,0
Monte Morris,DEN,27,187.96,83.007336,Iowa State,USA,2017,2,51,75,12.6,3,4.4,6,0.013,0.087,0.173,0.583,0.201
George King,DAL,28,198.12,99.79024,Colorado,USA,2018,2,59,4,0.3,1.3,0,-62.2,0,0.25,0.159,0.085,0
Gary Trent Jr.,TOR,23,195.58,94.800728,Duke,USA,2018,2,37,70,18.3,2.7,2,3.3,0.01,0.07,0.212,0.546,0.085
Hamidou Diallo,DET,23,195.58,91.625584,Kentucky,USA,2018,2,45,58,11,4.8,1.3,-7.6,0.049,0.162,0.213,0.541,0.098
Devonte' Graham,NOP,27,185.42,88.45044,Kansas,USA,2018,2,34,76,11.9,2.3,4.2,0.3,0.017,0.064,0.191,0.514,0.21
Isaac Bonga,TOR,22,203.2,81.64656,None,Germany,2018,2,39,15,0.8,0.5,0.3,-22.6,0.043,0.038,0.108,0.363,0.089
Jarred Vanderbilt,MIN,23,205.74,97.068688,Kentucky,USA,2018,2,41,74,6.9,8.4,1.3,5,0.107,0.212,0.108,0.612,0.066
Jevon Carter,MIL,26,185.42,90.7184,West Virginia,USA,2018,2,32,66,4.2,1.7,1.5,-3,0.014,0.097,0.135,0.531,0.148
Jalen Brunson,DAL,25,185.42,86.18248,Villanova,USA,2018,2,33,79,16.3,3.9,4.8,4.4,0.017,0.105,0.215,0.583,0.237
Bruce Brown,BKN,25,193.04,91.625584,Miami,USA,2018,2,42,72,9,4.8,2.1,-0.3,0.056,0.13,0.146,0.575,0.114
Alize Johnson,NOP,26,203.2,96.161504,Missouri State,USA,2018,2,50,23,1.8,2.7,0.4,-10.6,0.156,0.202,0.14,0.463,0.08
Arnoldas Kulboka,CHA,24,208.28,94.800728,None,Lithuania,2018,2,55,2,0,0,0,-100,0,0,0.071,0,0
De'Anthony Melton,MEM,24,187.96,90.7184,Southern California,USA,2018,2,46,73,10.8,4.5,2.7,5.6,0.034,0.15,0.205,0.529,0.157
Chimezie Metu,SAC,25,205.74,102.0582,Southern California,USA,2018,2,49,60,8.9,5.6,1,-5.7,0.027,0.227,0.184,0.546,0.071
Shake Milton,PHI,25,195.58,92.98636,Southern Methodist,USA,2018,2,54,55,8.2,2.6,2.5,-1,0.025,0.094,0.174,0.517,0.178
Svi Mykhailiuk,TOR,25,200.66,92.98636,Kansas,Ukraine,2018,2,47,56,4.6,1.6,0.8,-5.9,0.024,0.101,0.161,0.509,0.094
Keita Bates-Diop,SAS,26,203.2,103.872568,Ohio State,USA,2018,2,48,59,5.7,3.9,0.7,0.8,0.061,0.163,0.144,0.578,0.059
Mitchell Robinson,NYK,24,213.36,108.86208,Western Kentucky,USA,2018,2,36,72,8.5,8.6,0.5,-2.1,0.145,0.171,0.11,0.722,0.032
Melvin Frazier Jr.,OKC,25,195.58,97.52228,Tulane,USA,2018,2,35,3,10.7,4.3,0.3,-38.8,0.033,0.072,0.191,0.313,0.013
Ignas Brazdeikis,ORL,23,198.12,100.243832,Michigan,Canada,2019,2,47,42,5,1.7,0.9,-15.7,0.038,0.09,0.172,0.52,0.11
Didi Louzada,POR,22,195.58,85.275296,None,Brazil,2019,2,35,9,3.9,1.9,0.6,-29.1,0.034,0.096,0.13,0.517,0.07
Eric Paschall,UTA,25,198.12,115.66596,Villanova,USA,2019,2,41,58,5.8,1.8,0.6,-2.3,0.042,0.1,0.174,0.612,0.074
Jaylen Nowell,MIN,22,193.04,91.171992,Washington,USA,2019,2,43,62,8.5,2,2.1,2.8,0.022,0.1,0.205,0.581,0.197
Isaiah Roby,OKC,24,203.2,104.32616,Nebraska-Lincoln,USA,2019,2,45,45,10.1,4.8,1.6,-8.8,0.074,0.145,0.185,0.607,0.117
Jalen McDaniels,CHA,24,205.74,92.98636,San Diego State,USA,2019,2,52,55,6.2,3.1,1.1,2.6,0.039,0.138,0.152,0.595,0.089
Bol Bol,ORL,22,218.44,99.79024,Oregon,Sudan,2019,2,44,14,2.4,1.4,0.4,0.5,0.049,0.211,0.16,0.565,0.102
Bruno Fernando,HOU,23,205.74,108.86208,Maryland,Angola,2019,2,34,30,2.9,1.8,0.2,-10.1,0.102,0.223,0.197,0.671,0.082
Admiral Schofield,ORL,25,195.58,109.315672,Tennessee,United Kingdom,2019,2,42,38,3.8,2.3,0.7,-13.5,0.033,0.146,0.143,0.538,0.084
Carsen Edwards,DET,24,180.34,90.7184,Purdue,USA,2019,2,33,4,5.8,1.5,3.5,-5.9,0.022,0.044,0.179,0.378,0.25
Deividas Sirvydis,DET,22,203.2,86.18248,None,Lithuania,2019,2,37,3,1,2,0.3,-42.3,0,0.2,0.149,0.15,0.063
Daniel Gafford,WAS,23,205.74,106.140528,Arkansas,USA,2019,2,38,72,9.4,5.7,0.9,-6.9,0.107,0.169,0.16,0.708,0.071
Cody Martin,CHA,26,198.12,92.98636,Nevada-Reno,USA,2019,2,36,71,7.7,4,2.5,0.1,0.043,0.108,0.12,0.579,0.124
Quinndary Weatherspoon,GSW,25,190.5,92.98636,Mississippi State,USA,2019,2,49,11,2.7,1.3,0.5,-8.6,0.029,0.182,0.15,0.647,0.102
Tremont Waters,WAS,24,177.8,79.3786,LSU,USA,2019,2,51,3,3.3,1.3,2.3,-17.1,0,0.077,0.15,0.357,0.179
Talen Horton-Tucker,LAL,21,193.04,106.140528,Iowa State,USA,2019,2,46,60,10,3.2,2.7,-2.2,0.024,0.1,0.189,0.503,0.153
Terance Mann,LAC,25,195.58,97.52228,Florida State,USA,2019,2,48,81,10.8,5.2,2.6,1.5,0.044,0.127,0.157,0.572,0.131
Kyle Guy,MIA,24,185.42,75.749864,Virginia,USA,2019,2,55,19,3.9,0.9,0.9,-13.6,0.02,0.069,0.182,0.526,0.149
KZ Okpala,MIA,23,203.2,97.52228,Stanford,USA,2019,2,32,21,3.7,2,0.7,2.7,0.044,0.118,0.141,0.521,0.082
Miye Oni,UTA,24,195.58,93.439952,Yale,USA,2019,2,58,16,0.3,0.4,0.3,-33.3,0.024,0.118,0.095,0.265,0.179
Nic Claxton,BKN,23,210.82,97.52228,Georgia,USA,2019,2,31,47,8.7,5.6,0.9,-0.4,0.098,0.157,0.15,0.672,0.066
Elijah Hughes,POR,24,195.58,97.52228,Syracuse,USA,2020,2,39,36,3.5,1.6,0.6,-23.7,0.013,0.118,0.158,0.426,0.079
Jay Scrubb,LAC,21,195.58,99.79024,None,USA,2020,2,55,18,2.7,0.9,0.4,6.9,0.016,0.1,0.188,0.486,0.095
Isaiah Joe,PHI,22,193.04,74.84268,Arkansas,USA,2020,2,49,55,3.6,1,0.6,1.7,0.01,0.079,0.144,0.519,0.08
Jahmi'us Ramsey,SAC,21,190.5,86.18248,Texas Tech,USA,2020,2,43,19,3.2,0.7,0.4,-6,0.027,0.068,0.208,0.468,0.075
CJ Elleby,POR,22,198.12,90.7184,Washington State,USA,2020,2,46,58,5.8,3.9,1.5,-14.3,0.052,0.141,0.143,0.491,0.109
Cassius Stanley,DET,22,195.58,86.18248,Duke,USA,2020,2,54,9,5.8,2.1,0.4,-4.3,0.028,0.084,0.148,0.516,0.043
Cassius Winston,WAS,24,185.42,83.91452,Michigan State,USA,2020,2,53,7,2,0.1,1,-3.4,0,0.027,0.184,0.549,0.28
Daniel Oturu,TOR,22,203.2,108.86208,Minnesota,USA,2020,2,33,3,3,1.7,0,-36.8,0.036,0.148,0.125,0.549,0
Sam Merrill,MEM,26,193.04,92.98636,Utah State,USA,2020,2,60,6,4.2,1.2,0.7,-11.1,0.012,0.107,0.178,0.485,0.108
Saben Lee,DET,23,187.96,83.007336,Vanderbilt,USA,2020,2,38,37,5.6,2.4,2.9,-5.7,0.026,0.113,0.169,0.499,0.274
Skylar Mays,ATL,24,193.04,92.98636,Louisiana State,USA,2020,2,50,28,2.9,0.9,0.6,-12.9,0.022,0.091,0.149,0.589,0.12
Paul Reed,PHI,23,205.74,95.25432,DePaul,USA,2020,2,58,38,3.1,2.4,0.4,-6.2,0.137,0.164,0.151,0.568,0.081
Robert Woodard II,SAS,22,198.12,106.59412,Mississippi State,USA,2020,2,40,12,0.6,0.9,0.3,16.7,0.086,0.146,0.158,0.207,0.086
Reggie Perry,POR,22,203.2,113.398,Mississippi State,USA,2020,2,57,10,9.2,4.7,1.2,-16.6,0.074,0.165,0.222,0.537,0.118
Tre Jones,SAS,22,185.42,83.91452,Duke,USA,2020,2,41,69,6,2.2,3.4,-0.5,0.024,0.103,0.151,0.545,0.28
Theo Maledon,OKC,21,193.04,79.3786,None,France,2020,2,34,51,7.1,2.6,2.2,-10.5,0.02,0.118,0.201,0.5,0.188
Xavier Tillman Sr.,MEM,23,203.2,111.13004,Michigan State,USA,2020,2,35,53,4.8,3,1.2,-1.4,0.084,0.138,0.164,0.51,0.127
Vit Krejci,OKC,22,203.2,88.45044,None,Czech Republic,2020,2,37,30,6.2,3.4,1.9,-12.8,0.024,0.121,0.125,0.529,0.117
Vernon Carey Jr.,WAS,21,205.74,122.46984,Duke,USA,2020,2,32,7,2.9,1.7,0,-47.6,0.145,0.093,0.179,0.534,0
Tyrell Terry,MEM,21,187.96,72.57472,Stanford,USA,2020,2,31,2,1,0,0,-6.9,0,0,0.111,1,0
Kenyon Martin Jr.,HOU,21,195.58,97.52228,None,USA,2020,2,52,79,8.8,3.8,1.3,-6.9,0.047,0.131,0.158,0.603,0.091
Jordan Nwora,MIL,23,203.2,102.0582,Louisville,USA,2020,2,45,62,7.9,3.6,1,-3,0.03,0.147,0.187,0.506,0.071
Nick Richards,CHA,24,213.36,111.13004,Kentucky,Jamaica,2020,2,42,50,3,1.7,0.3,-13,0.086,0.137,0.147,0.689,0.054
Marko Simonovic,CHI,22,210.82,99.79024,None,Montenegro,2020,2,44,9,1.9,1.1,0,1.2,0.122,0.119,0.247,0.428,0
Georgios Kalaitzakis,OKC,23,200.66,87.089664,None,Greece,2021,2,60,13,6.6,1.6,0.9,-29.3,0.026,0.074,0.2,0.536,0.09
Herbert Jones,NOP,23,200.66,93.439952,Alabama,USA,2021,2,35,78,9.5,3.8,2.1,2,0.041,0.086,0.136,0.573,0.097
Greg Brown III,POR,20,200.66,93.439952,Texas-Austin,USA,2021,2,43,48,4.7,2.8,0.7,-17.6,0.057,0.15,0.168,0.515,0.087
Joe Wieskamp,SAS,22,198.12,92.98636,Iowa,USA,2021,2,41,29,2.1,0.5,0.3,1.5,0.017,0.045,0.129,0.494,0.065
Jericho Sims,NYK,23,205.74,113.398,Texas-Austin,USA,2021,2,58,41,2.2,4.1,0.5,6.5,0.108,0.187,0.068,0.674,0.054
Jeremiah Robinson-Earl,OKC,21,203.2,109.769264,Villanova,USA,2021,2,32,49,7.5,5.6,1,-9.8,0.061,0.172,0.152,0.526,0.069
Jared Butler,UTA,21,190.5,87.543256,Baylor,USA,2021,2,40,42,3.8,1.1,1.5,-0.1,0.014,0.102,0.221,0.509,0.258
JT Thor,CHA,19,205.74,92.079176,Auburn,USA,2021,2,37,33,2,1.3,0.6,0.3,0.04,0.111,0.116,0.525,0.097
Isaiah Todd,WAS,20,205.74,99.336648,None,USA,2021,2,31,12,1.7,1,0.3,-15.6,0.034,0.123,0.188,0.349,0.095
Isaiah Livers,DET,23,198.12,105.233344,Michigan,USA,2021,2,42,19,6.4,3,1.1,-0.8,0.037,0.109,0.125,0.629,0.077
Brandon Boston,LAC,20,198.12,85.275296,Kentucky,USA,2021,2,51,51,6.7,2.2,1,-2,0.02,0.111,0.212,0.481,0.103
Aaron Wiggins,OKC,23,193.04,86.18248,Maryland,USA,2021,2,55,50,8.3,3.6,1.4,-8.1,0.04,0.098,0.149,0.556,0.083
Ayo Dosunmu,CHI,22,193.04,90.7184,Illinois,USA,2021,2,38,77,8.8,2.8,3.3,-5,0.013,0.09,0.138,0.596,0.164
David Johnson,TOR,21,193.04,92.079176,Louisville,USA,2021,2,47,2,0,0,0,-75,0,0,0.143,0,0
Charles Bassey,PHI,21,205.74,104.32616,Western Kentucky,Nigeria,2021,2,53,23,3,2.7,0.3,-8.8,0.124,0.233,0.152,0.66,0.07
Dalano Banton,TOR,22,200.66,92.532768,Nebraska,Canada,2021,2,46,64,3.2,1.9,1.5,1.5,0.048,0.124,0.159,0.463,0.197
Sandro Mamukelashvili,MIL,23,205.74,108.86208,Seton Hall,Georgia,2021,2,54,41,3.8,2,0.5,-17.6,0.079,0.116,0.142,0.618,0.084
Scottie Lewis,CHA,22,195.58,83.91452,Florida,USA,2021,2,56,2,0.5,0,0.5,-11.8,0,0,0.059,0.568,0.2
Sharife Cooper,ATL,21,185.42,79.832192,Auburn,USA,2021,2,48,13,0.5,0.4,0.4,-43.9,0,0.147,0.202,0.25,0.313
Kessler Edwards,BKN,21,200.66,92.079176,Pepperdine,USA,2021,2,44,48,5.9,3.6,0.6,-3.3,0.043,0.124,0.132,0.516,0.04
Miles McBride,NYK,21,185.42,88.45044,West Virginia,USA,2021,2,36,40,2.2,1.1,1,13,0.011,0.097,0.137,0.393,0.159
Neemias Queta,SAC,22,213.36,112.490816,Utah State,Portugal,2021,2,39,15,3,2.1,0.4,-4.1,0.104,0.144,0.176,0.495,0.076
Luka Garza,DET,23,208.28,110.222856,Iowa,USA,2021,2,52,32,5.8,3.1,0.6,-6.3,0.13,0.116,0.195,0.535,0.086
Joe Johnson,BOS,41,200.66,108.86208,Arkansas,USA,2001,1,10,1,2,0,0,-100,0,0,0.2,1,0
Carmelo Anthony,LAL,38,200.66,107.954896,Syracuse,USA,2003,1,3,69,13.3,4.2,1,-2.9,0.034,0.116,0.195,0.579,0.056
LeBron James,LAL,37,205.74,113.398,None,USA,2003,1,1,56,30.3,8.2,6.2,-2.5,0.031,0.185,0.317,0.619,0.297
Dwight Howard,LAL,36,208.28,120.20188,None,USA,2004,1,1,60,6.2,5.9,0.6,-5.7,0.12,0.246,0.145,0.657,0.049
Andre Iguodala,GSW,38,198.12,97.52228,Arizona,USA,2004,1,9,31,4,3.2,3.7,8.7,0.035,0.117,0.113,0.478,0.263
Chris Paul,PHX,37,182.88,79.3786,Wake Forest,USA,2005,1,4,65,14.7,4.4,10.8,10,0.011,0.113,0.197,0.581,0.434
Rudy Gay,UTA,35,203.2,113.398,Connecticut,USA,2006,1,8,55,8.1,4.4,1,8.7,0.05,0.166,0.185,0.539,0.078
Rajon Rondo,CLE,36,185.42,81.64656,Kentucky,USA,2006,1,21,39,4.8,2.8,4.4,-7.8,0.02,0.118,0.152,0.496,0.366
LaMarcus Aldridge,BKN,36,210.82,113.398,Texas-Austin,USA,2006,1,2,47,12.9,5.5,0.9,0.1,0.071,0.16,0.219,0.604,0.062
Kyle Lowry,MIA,36,182.88,88.904032,Villanova,USA,2006,1,24,63,13.4,4.5,7.5,5.9,0.016,0.116,0.178,0.6,0.321
Jeff Green,DEN,35,203.2,106.59412,Georgetown,USA,2007,1,5,75,10.3,3.1,1.3,1.8,0.024,0.1,0.16,0.627,0.071
Al Horford,BOS,36,205.74,108.86208,Florida,Dominican Republic,2007,1,3,69,10.2,7.7,3.4,9.3,0.054,0.201,0.147,0.574,0.159
Thaddeus Young,TOR,34,203.2,106.59412,Georgia Tech,USA,2007,1,12,52,6.2,4,2,-0.2,0.088,0.152,0.169,0.548,0.177
Kevin Durant,BKN,33,208.28,108.86208,Texas-Austin,USA,2007,1,2,55,29.9,7.4,6.4,6.5,0.015,0.166,0.31,0.634,0.274
Mike Conley,UTA,34,185.42,79.3786,Ohio State,USA,2007,1,4,72,13.7,3,5.3,7.7,0.023,0.079,0.202,0.572,0.281
George Hill,MIL,36,193.04,85.275296,Indiana-Purdue Indianapolis,USA,2008,1,26,54,6.2,2.9,2.2,11.7,0.029,0.084,0.115,0.552,0.124
Eric Gordon,HOU,33,190.5,97.52228,Indiana,USA,2008,1,7,57,13.4,2,2.7,-5.1,0.009,0.056,0.182,0.614,0.137
JaVale McGee,PHX,34,213.36,122.46984,Nevada-Reno,USA,2008,1,18,74,9.2,6.7,0.6,5.8,0.134,0.266,0.214,0.651,0.055
Brook Lopez,MIL,34,213.36,127.912944,Stanford,USA,2008,1,10,13,12.4,4.1,0.5,-1.4,0.058,0.108,0.211,0.57,0.03
Danilo Gallinari,ATL,33,208.28,107.047712,None,Italy,2008,1,6,66,11.7,4.7,1.5,3.4,0.021,0.161,0.182,0.579,0.086
Derrick Rose,NYK,33,187.96,90.7184,Memphis,USA,2008,1,1,26,12,3,4,5.8,0.032,0.08,0.217,0.541,0.266
D.J. Augustin,LAL,34,180.34,83.007336,Texas-Austin,USA,2008,1,9,55,5.3,1.2,1.9,-10.6,0.012,0.065,0.139,0.61,0.176
Russell Westbrook,LAL,33,190.5,90.7184,UCLA,USA,2008,1,4,78,18.5,7.4,7.1,-4,0.039,0.165,0.264,0.512,0.311
Serge Ibaka,MIL,32,208.28,106.59412,None,Republic of the Congo,2008,1,24,54,6.8,4.6,0.9,-3,0.07,0.197,0.172,0.579,0.084
Robin Lopez,ORL,34,213.36,127.459352,Stanford,USA,2008,1,15,36,7.1,3.5,1.5,-6.4,0.098,0.089,0.182,0.57,0.142
Kevin Love,CLE,33,203.2,113.851592,UCLA,USA,2008,1,5,74,13.6,7.2,2.2,1.5,0.051,0.258,0.239,0.594,0.153
Nicolas Batum,LAC,33,203.2,104.32616,None,France,2008,1,25,59,8.3,4.3,1.7,-4.4,0.019,0.146,0.13,0.608,0.099
James Johnson,BKN,35,200.66,108.86208,Wake Forest,USA,2009,1,16,62,5.5,3.5,2.1,-1.6,0.041,0.127,0.136,0.513,0.153
James Harden,PHI,32,195.58,99.79024,Arizona State,USA,2009,1,3,65,22,7.7,10.3,3.5,0.024,0.176,0.266,0.583,0.401
Blake Griffin,BKN,33,205.74,113.398,Oklahoma,USA,2009,1,1,56,6.4,4.1,1.9,-4.7,0.061,0.169,0.167,0.518,0.157
Darren Collison,LAL,34,182.88,72.57472,UCLA,USA,2009,1,21,3,1.3,1.3,0.7,-18.4,0,0.091,0.077,0.286,0.063
DeMar DeRozan,CHI,32,198.12,99.79024,Southern California,USA,2009,1,9,76,27.9,5.2,4.9,1.1,0.021,0.122,0.308,0.59,0.228
Stephen Curry,GSW,34,187.96,83.91452,Davidson,USA,2009,1,7,64,25.5,5.2,6.3,10.7,0.015,0.126,0.293,0.601,0.286
Ricky Rubio,IND,31,187.96,86.18248,None,Spain,2009,1,5,34,13.1,4.1,6.6,9.1,0.015,0.122,0.234,0.488,0.348
Taj Gibson,NYK,37,205.74,105.233344,Southern California,USA,2009,1,26,52,4.4,4.4,0.6,3.3,0.088,0.139,0.099,0.606,0.05
Wayne Ellington,LAL,34,193.04,93.893544,North Carolina,USA,2009,1,28,43,6.7,1.8,0.7,-3.8,0.012,0.078,0.135,0.593,0.055
Jrue Holiday,MIL,32,190.5,92.98636,UCLA,USA,2009,1,17,67,18.3,4.5,6.8,8.5,0.031,0.1,0.231,0.593,0.297
Gordon Hayward,CHA,32,200.66,102.0582,Butler,USA,2010,1,9,49,15.9,4.6,3.6,-0.4,0.022,0.114,0.202,0.57,0.16
Greg Monroe,MIN,32,208.28,113.398,Georgetown,USA,2010,1,7,14,5.4,4.6,1.6,0.9,0.141,0.176,0.164,0.566,0.162
Ed Davis,CLE,33,205.74,98.883056,North Carolina,USA,2010,1,13,31,0.9,2.1,0.2,4.6,0.072,0.23,0.062,0.632,0.053
Eric Bledsoe,POR,32,185.42,97.068688,Kentucky,USA,2010,1,18,54,9.9,3.4,4.2,-1.2,0.02,0.105,0.198,0.514,0.251
Avery Bradley,LAL,31,190.5,81.64656,Texas-Austin,USA,2010,1,19,62,6.4,2.2,0.8,-5.8,0.021,0.073,0.119,0.55,0.046
Derrick Favors,OKC,30,205.74,120.20188,Georgia Tech,USA,2010,1,3,39,5.3,4.7,0.6,-11,0.079,0.178,0.131,0.534,0.061
DeMarcus Cousins,DEN,31,208.28,122.46984,Kentucky,USA,2010,1,5,48,9,5.6,1.5,2.2,0.103,0.281,0.267,0.567,0.153
Paul George,LAC,32,203.2,99.79024,Fresno State,USA,2010,1,10,31,24.3,6.9,5.7,4.2,0.011,0.171,0.329,0.538,0.286
Enes Freedom,BOS,30,208.28,113.398,None,Turkey,2011,1,3,35,3.7,4.6,0.2,7.8,0.143,0.219,0.129,0.585,0.027
Jimmy Butler,MIA,32,200.66,104.32616,Marquette,USA,2011,1,30,57,21.4,5.9,5.5,6.1,0.055,0.125,0.26,0.592,0.264
Brandon Knight,DAL,30,187.96,82.553744,Kentucky,USA,2011,1,8,5,6.4,1.6,1.6,-3.6,0,0.098,0.216,0.561,0.2
Bismack Biyombo,PHX,29,203.2,115.66596,None,DRC,2011,1,7,36,5.8,4.6,0.6,5.6,0.117,0.207,0.167,0.596,0.064
Alec Burks,NYK,30,198.12,97.068688,Colorado,USA,2011,1,12,81,11.7,4.9,3,2.3,0.019,0.148,0.171,0.559,0.158
Jonas Valanciunas,NOP,30,210.82,120.20188,None,Lithuania,2011,1,5,74,17.8,11.4,2.6,1.2,0.1,0.28,0.238,0.617,0.137
Cory Joseph,DET,30,190.5,90.7184,Texas-Austin,Canada,2011,1,29,65,8,2.7,3.6,-6.4,0.017,0.092,0.141,0.579,0.22
Klay Thompson,GSW,32,198.12,99.79024,Washington State,USA,2011,1,11,32,20.4,3.9,2.8,3.3,0.015,0.106,0.284,0.547,0.153
Reggie Jackson,LAC,32,187.96,94.347136,Boston College,USA,2011,1,24,75,16.8,3.6,4.8,-1.3,0.016,0.092,0.273,0.488,0.245
Tobias Harris,PHI,29,200.66,102.511792,Tennessee,USA,2011,1,19,73,17.2,6.8,3.5,3.2,0.032,0.164,0.214,0.566,0.158
Tristan Thompson,CHI,31,205.74,115.212368,Texas-Austin,Canada,2011,1,4,57,6,5.1,0.6,-3.6,0.125,0.196,0.168,0.541,0.054
Kyrie Irving,BKN,30,187.96,88.45044,Duke,Australia,2011,1,1,29,27.4,4.4,5.8,5.2,0.015,0.096,0.283,0.592,0.235
Kemba Walker,NYK,32,182.88,83.460928,Connecticut,USA,2011,1,9,37,11.6,3,3.5,-9.1,0.014,0.099,0.202,0.537,0.22
Nikola Vucevic,CHI,31,208.28,117.93392,Southern California,Montenegro,2011,1,16,73,17.6,11,3.2,-1.6,0.06,0.274,0.244,0.533,0.153
Marcus Morris Sr.,LAC,32,203.2,98.883056,Kansas,USA,2011,1,14,54,15.4,4.4,2.1,-4.8,0.016,0.129,0.228,0.549,0.114
Markieff Morris,MIA,32,205.74,111.13004,Kansas,USA,2011,1,13,17,7.6,2.6,1.4,4.5,0.059,0.089,0.197,0.547,0.116
Harrison Barnes,SAC,30,203.2,102.0582,North Carolina,USA,2012,1,7,77,16.4,5.6,2.4,-6.7,0.031,0.135,0.184,0.623,0.103
Evan Fournier,NYK,29,198.12,92.98636,None,France,2012,1,20,80,14.1,2.6,2.1,-2.7,0.013,0.073,0.201,0.554,0.114
Jeremy Lamb,SAC,30,195.58,81.64656,Connecticut,USA,2012,1,12,56,7.3,2.8,1.4,0.6,0.026,0.134,0.189,0.521,0.124
Bradley Beal,WAS,29,193.04,93.893544,Florida,USA,2012,1,3,40,23.2,4.7,6.6,-3.5,0.026,0.099,0.297,0.539,0.309
Austin Rivers,DEN,29,193.04,90.7184,Duke,USA,2012,1,10,67,6,1.7,1.3,1.9,0.014,0.063,0.123,0.546,0.082
Anthony Davis,LAL,29,208.28,114.758776,Kentucky,USA,2012,1,1,40,23.2,9.9,3.1,-3,0.072,0.196,0.263,0.578,0.147
Andre Drummond,BKN,28,208.28,126.552168,Connecticut,USA,2012,1,9,73,7.9,9.3,1.8,2.4,0.155,0.305,0.181,0.574,0.13
Damian Lillard,POR,31,187.96,88.45044,Weber State,USA,2012,1,6,29,24,4.1,7.3,-1.8,0.012,0.104,0.288,0.55,0.321
Terrence Ross,ORL,31,198.12,93.439952,Washington,USA,2012,1,8,63,10,2.6,1.8,-11.9,0.013,0.094,0.196,0.515,0.127
Maurice Harkless,SAC,29,200.66,99.79024,St. John's,USA,2012,1,15,47,4.6,2.4,0.5,-4.2,0.014,0.114,0.112,0.561,0.035
Giannis Antetokounmpo,MIL,27,210.82,109.769264,None,Greece,2013,1,15,67,29.9,11.6,5.8,8,0.06,0.267,0.34,0.633,0.304
Gorgui Dieng,ATL,32,208.28,112.490816,Louisville,Senegal,2013,1,21,44,3.5,2.8,0.8,-9.2,0.083,0.238,0.164,0.624,0.155
Cody Zeller,POR,29,210.82,108.86208,Indiana,USA,2013,1,4,27,5.2,4.6,0.8,-2.1,0.128,0.212,0.153,0.627,0.087
CJ McCollum,NOP,30,190.5,86.18248,Lehigh,USA,2013,1,10,62,22.1,4.3,5.1,-1.9,0.024,0.101,0.269,0.553,0.238
Alex Len,SAC,29,213.36,113.398,Maryland,Ukraine,2013,1,5,39,6,4.1,1.2,-5.5,0.076,0.168,0.165,0.577,0.104
Ben McLemore,POR,29,190.5,88.45044,Kansas,USA,2013,1,7,64,10.2,1.6,0.9,-13.1,0.009,0.072,0.207,0.567,0.077
Dennis Schroder,HOU,28,185.42,78.017824,None,Germany,2013,1,17,64,13.5,3.3,4.6,-1,0.018,0.097,0.223,0.539,0.256
Rudy Gobert,UTA,30,215.9,117.026736,None,France,2013,1,27,66,15.6,14.7,1.1,9.6,0.114,0.312,0.166,0.732,0.052
Solomon Hill,ATL,31,198.12,102.511792,Arizona,USA,2013,1,23,13,0.6,1.8,0.9,14.3,0.043,0.115,0.064,0.2,0.117
Otto Porter Jr.,GSW,29,203.2,89.811216,Georgetown,USA,2013,1,3,63,8.2,5.7,1.5,6.8,0.06,0.189,0.145,0.581,0.097
Reggie Bullock,DAL,31,198.12,92.98636,North Carolina,USA,2013,1,25,68,8.6,3.5,1.2,6.6,0.017,0.106,0.128,0.558,0.06
Tony Snell,NOP,30,198.12,96.615096,New Mexico,USA,2013,1,20,53,3.5,1.9,0.5,-7.8,0.018,0.107,0.099,0.541,0.047
Tim Hardaway Jr.,DAL,30,195.58,92.98636,Michigan,USA,2013,1,24,42,14.2,3.7,2.2,1.3,0.01,0.114,0.214,0.52,0.115
Steven Adams,MEM,28,210.82,120.20188,Pittsburgh,New Zealand,2013,1,12,76,6.9,10,3.4,8.3,0.159,0.198,0.118,0.56,0.155
Trey Burke,DAL,29,182.88,83.91452,Michigan,USA,2013,1,9,42,5.1,0.8,1.4,-0.5,0.009,0.064,0.25,0.475,0.219
Victor Oladipo,MIA,30,193.04,96.615096,Indiana,USA,2013,1,2,8,12.4,2.9,3.5,-1.4,0.017,0.11,0.247,0.608,0.277
Kentavious Caldwell-Pope,WAS,29,195.58,92.532768,Georgia,USA,2013,1,8,77,13.2,3.4,1.9,-4.7,0.018,0.093,0.185,0.568,0.09
Kelly Olynyk,DET,31,210.82,108.86208,Gonzaga,Canada,2013,1,13,40,9.1,4.4,2.8,-4.9,0.067,0.17,0.207,0.561,0.214
Nerlens Noel,NYK,28,210.82,99.79024,Kentucky,USA,2013,1,6,25,3.4,5.6,0.9,-5.7,0.084,0.161,0.072,0.581,0.06
Mason Plumlee,CHA,32,210.82,115.212368,Duke,USA,2013,1,22,73,6.5,7.7,3.1,0.9,0.091,0.205,0.117,0.603,0.165
Gary Harris,ORL,27,193.04,95.25432,Michigan State,USA,2014,1,19,61,11.1,2,1.8,-5.9,0.02,0.048,0.16,0.571,0.094
Doug McDermott,SAS,30,200.66,102.0582,Creighton,USA,2014,1,11,51,11.3,2.3,1.3,-1.8,0.014,0.076,0.178,0.593,0.068
Elfrid Payton,PHX,28,190.5,88.45044,Louisana-Lafayette,USA,2014,1,10,50,3,1.8,2,-2,0.035,0.115,0.175,0.397,0.252
Joel Embiid,PHI,28,213.36,127.00576,Kansas,Cameroon,2014,1,3,68,30.6,11.7,4.2,7.9,0.068,0.273,0.375,0.616,0.236
Jabari Parker,BOS,27,200.66,111.13004,Duke,USA,2014,1,2,12,4.4,2.3,0.5,-0.8,0.042,0.18,0.191,0.632,0.094
Bogdan Bogdanovic,ATL,29,198.12,102.0582,None,Serbia,2014,1,27,63,15.1,4,3.1,4.5,0.016,0.116,0.212,0.562,0.152
Aaron Gordon,DEN,26,203.2,106.59412,Arizona,USA,2014,1,4,75,15,5.9,2.5,6.2,0.057,0.129,0.194,0.602,0.109
Andrew Wiggins,GSW,27,200.66,89.357624,Kansas,Canada,2014,1,1,73,17.2,4.5,2.2,5.8,0.036,0.095,0.224,0.56,0.109
Clint Capela,ATL,28,208.28,116.119552,None,Switzerland,2014,1,25,74,11.1,11.9,1.2,3.3,0.133,0.284,0.149,0.604,0.062
Rodney Hood,LAC,29,203.2,94.347136,Duke,USA,2014,1,23,52,3.1,1.5,0.7,0.8,0.021,0.081,0.106,0.493,0.074
Zach LaVine,CHI,27,195.58,90.7184,UCLA,USA,2014,1,13,67,24.4,4.6,4.5,-0.9,0.01,0.121,0.284,0.605,0.207
Kyle Anderson,MEM,28,205.74,104.32616,UCLA,USA,2014,1,30,69,7.6,5.3,2.7,2,0.041,0.196,0.156,0.506,0.162
Jusuf Nurkic,POR,27,210.82,131.54168,None,Bosnia and Herzegovina,2014,1,16,56,15,11.1,2.8,-0.1,0.101,0.283,0.233,0.586,0.16
Julius Randle,NYK,27,203.2,113.398,Kentucky,USA,2014,1,7,72,20.1,9.9,5.1,-3.6,0.045,0.225,0.279,0.509,0.251
Nik Stauskas,BOS,28,198.12,93.893544,Michigan,Canada,2014,1,8,8,2.3,0.4,0.3,19.3,0.024,0.049,0.184,0.541,0.065
Marcus Smart,BOS,28,193.04,99.79024,Oklahoma State,USA,2014,1,6,71,12.1,3.8,5.9,9.3,0.018,0.093,0.179,0.54,0.245
Frank Kaminsky,PHX,29,213.36,108.86208,Wisconsin,USA,2015,1,9,9,10.6,4.6,1.4,9.6,0.06,0.144,0.185,0.635,0.105
Emmanuel Mudiay,SAC,26,190.5,90.7184,None,Democratic Republic of the Congo,2015,1,7,2,1.5,0,2,-23.7,0,0,0.192,0.399,0.571
Bobby Portis,MIL,27,208.28,113.398,Arkansas,USA,2015,1,22,72,14.6,9.1,1.2,6.3,0.085,0.218,0.207,0.571,0.061
Cameron Payne,PHX,27,185.42,83.007336,Murray State,USA,2015,1,14,58,10.8,3,4.9,6.3,0.018,0.109,0.235,0.5,0.318
Delon Wright,ATL,30,195.58,83.91452,Utah,USA,2015,1,20,77,4.4,2.9,2.4,2.8,0.035,0.116,0.101,0.576,0.178
Devin Booker,PHX,25,195.58,93.439952,Kentucky,USA,2015,1,13,68,26.8,5,4.8,9.5,0.02,0.117,0.313,0.576,0.212
D'Angelo Russell,MIN,26,193.04,87.543256,Ohio State,USA,2015,1,2,65,18.1,3.3,7.1,4.7,0.011,0.089,0.246,0.544,0.32
Sam Dekker,TOR,28,203.2,99.336648,Wisconsin,USA,2015,1,18,1,0,0,0,-250,0,0,0,0,0
Stanley Johnson,LAL,26,198.12,109.769264,Arizona,USA,2015,1,8,48,6.7,3.2,1.7,-1.1,0.032,0.109,0.125,0.564,0.094
Terry Rozier,CHA,28,185.42,86.18248,Louisville,USA,2015,1,16,73,19.3,4.3,4.5,1.4,0.021,0.101,0.227,0.566,0.197
Willie Cauley-Stein,PHI,28,213.36,108.86208,Kentucky,USA,2015,1,6,20,1.7,2,0.5,7.2,0.064,0.144,0.099,0.474,0.074
Trey Lyles,SAC,26,205.74,106.140528,Kentucky,Canada,2015,1,12,75,10.5,5.1,1.2,-7.2,0.056,0.189,0.205,0.588,0.09
Tyus Jones,MEM,26,182.88,88.904032,Duke,USA,2015,1,24,73,8.7,2.4,4.4,7.6,0.01,0.097,0.164,0.544,0.285
Kevon Looney,GSW,26,205.74,100.697424,UCLA,USA,2015,1,30,82,6,7.3,2,6,0.12,0.21,0.12,0.586,0.127
Kristaps Porzingis,WAS,26,220.98,108.86208,None,Latvia,2015,1,4,51,20.2,8.1,2.3,0.4,0.068,0.204,0.286,0.577,0.133
Larry Nance Jr.,NOP,29,200.66,111.13004,Wyoming,USA,2015,1,27,46,7,5.4,1.8,-1.9,0.069,0.173,0.128,0.59,0.115
Kelly Oubre Jr.,CHA,26,198.12,92.079176,Kansas,USA,2015,1,15,76,15,4,1.1,-0.2,0.036,0.106,0.223,0.56,0.063
Justin Anderson,IND,28,195.58,104.779752,Virginia,USA,2015,1,21,16,6.4,2.9,2.1,-0.1,0.013,0.142,0.149,0.493,0.135
Karl-Anthony Towns,MIN,26,210.82,112.490816,Kentucky,USA,2015,1,1,74,24.6,9.8,3.6,5.3,0.074,0.21,0.272,0.64,0.177
Justise Winslow,POR,26,198.12,100.697424,Duke,USA,2015,1,10,48,5.7,4.2,1.8,2.1,0.06,0.177,0.178,0.479,0.155
Myles Turner,IND,26,210.82,113.398,Texas-Austin,USA,2015,1,11,42,12.9,7.1,1,-0.3,0.052,0.188,0.173,0.615,0.053
Furkan Korkmaz,PHI,24,200.66,91.625584,None,Turkey,2016,1,26,67,7.6,2.6,1.9,0.8,0.015,0.104,0.17,0.502,0.129
Domantas Sabonis,SAC,26,210.82,108.86208,Gonzaga,Lithuania,2016,1,11,62,18.9,12.1,5.2,-0.6,0.092,0.264,0.221,0.637,0.239
Jaylen Brown,BOS,25,198.12,101.151016,California,USA,2016,1,3,66,23.6,6.1,3.5,9.8,0.024,0.145,0.298,0.574,0.173
Jakob Poeltl,SAS,26,215.9,111.13004,Utah,Austria,2016,1,9,68,13.5,9.3,2.8,3.4,0.125,0.184,0.182,0.613,0.131
Brandon Ingram,NOP,24,203.2,86.18248,Duke,USA,2016,1,2,55,22.7,5.8,5.6,3.3,0.019,0.152,0.291,0.554,0.268
Caris LeVert,CLE,27,198.12,92.98636,Michigan,USA,2016,1,20,58,17,3.7,4.3,-1.8,0.024,0.097,0.252,0.525,0.219
Buddy Hield,IND,29,193.04,99.79024,Oklahoma,Bahamas,2016,1,6,81,15.6,4.4,2.8,-3.6,0.025,0.114,0.214,0.548,0.135
DeAndre' Bembry,MIL,27,195.58,95.25432,St. Joseph's (PA),USA,2016,1,21,56,5.1,2.9,1.2,-0.6,0.042,0.106,0.111,0.601,0.087
Denzel Valentine,UTA,28,193.04,99.79024,Michigan State,USA,2016,1,14,24,2.9,1.8,0.5,-5.1,0.04,0.15,0.15,0.523,0.074
Dejounte Murray,SAS,25,193.04,81.64656,Washington,USA,2016,1,29,68,21.1,8.3,9.2,1.9,0.031,0.196,0.268,0.533,0.388
Damian Jones,SAC,27,210.82,111.13004,Vanderbilt,USA,2016,1,30,56,8.1,4.4,1.2,-6.8,0.074,0.164,0.163,0.701,0.106
Pascal Siakam,TOR,28,203.2,104.32616,New Mexico State,Cameroon,2016,1,27,68,22.8,8.5,5.3,4.8,0.046,0.182,0.257,0.565,0.224
Timothe Luwawu-Cabarrot,ATL,27,200.66,97.52228,None,France,2016,1,24,52,4.4,1.6,0.8,-3.5,0.024,0.094,0.135,0.556,0.08
Taurean Prince,MIN,28,198.12,98.883056,Baylor,USA,2016,1,12,69,7.3,2.5,1,0.7,0.021,0.12,0.166,0.589,0.08
Kris Dunn,POR,28,190.5,92.98636,Providence,USA,2016,1,5,14,7.6,3.5,5.6,-12,0.027,0.12,0.176,0.482,0.339
Juancho Hernangomez,UTA,26,205.74,97.068688,None,Spain,2016,1,15,40,3.3,2.5,0.5,0.5,0.063,0.155,0.133,0.542,0.064
Malik Beasley,MIN,25,193.04,84.821704,Florida State,USA,2016,1,19,79,12.1,2.9,1.5,2,0.012,0.1,0.189,0.544,0.085
Marquese Chriss,DAL,24,205.74,108.86208,Washington,USA,2016,1,8,34,4.5,3,0.5,-2.1,0.096,0.197,0.205,0.518,0.079
Frank Ntilikina,DAL,23,193.04,90.7184,None,France,2017,1,8,58,4.1,1.4,1.2,4.3,0.016,0.094,0.165,0.513,0.149
Donovan Mitchell,UTA,25,185.42,97.52228,Louisville,USA,2017,1,13,67,25.9,4.2,5.3,5.9,0.024,0.096,0.322,0.572,0.267
Jayson Tatum,BOS,24,203.2,95.25432,Duke,USA,2017,1,3,76,26.9,8,4.4,12.1,0.032,0.18,0.313,0.578,0.204
Jarrett Allen,CLE,24,208.28,110.222856,Texas-Austin,USA,2017,1,22,56,16.1,10.8,1.6,3.3,0.109,0.213,0.177,0.698,0.079
John Collins,ATL,24,205.74,102.511792,Wake Forest,USA,2017,1,19,54,16.2,7.8,1.8,0.8,0.056,0.19,0.202,0.61,0.088
Bam Adebayo,MIA,24,205.74,115.66596,Kentucky,USA,2017,1,14,56,19.1,10.1,3.4,8.1,0.08,0.234,0.248,0.608,0.172
De'Aaron Fox,SAC,24,190.5,83.91452,Kentucky,USA,2017,1,5,59,23.2,3.9,5.6,-4.4,0.012,0.096,0.284,0.549,0.254
Derrick White,BOS,27,193.04,86.18248,Colorado,USA,2017,1,29,75,13.2,3.5,4.9,4.9,0.017,0.094,0.196,0.549,0.231
Dennis Smith Jr.,POR,24,187.96,92.98636,North Carolina State,USA,2017,1,9,37,5.6,2.4,3.6,-9.8,0.029,0.107,0.173,0.474,0.311
D.J. Wilson,TOR,26,208.28,104.779752,Michigan,USA,2017,1,17,4,7.5,4,1.3,-16.5,0.017,0.238,0.159,0.773,0.147
Tony Bradley,CHI,24,208.28,112.490816,North Carolina,USA,2017,1,28,55,3,3.4,0.5,5.2,0.123,0.196,0.128,0.6,0.065
Zach Collins,SAS,24,210.82,113.398,Gonzaga,USA,2017,1,10,28,7.8,5.5,2.2,3.1,0.085,0.197,0.184,0.594,0.17
OG Anunoby,TOR,24,200.66,105.233344,Indiana,United Kingdom,2017,1,23,48,17.1,5.5,2.6,3.9,0.04,0.116,0.204,0.549,0.108
Lauri Markkanen,CLE,25,210.82,108.86208,Arizona,Finland,2017,1,7,61,14.8,5.7,1.3,3.9,0.033,0.147,0.192,0.582,0.062
Kyle Kuzma,WAS,26,205.74,100.243832,Utah,USA,2017,1,27,66,17.1,8.5,3.5,-6.1,0.032,0.213,0.238,0.547,0.164
Josh Jackson,SAC,25,203.2,93.893544,Kansas,USA,2017,1,4,51,6.4,2.8,1.1,-8.6,0.025,0.149,0.196,0.491,0.105
Josh Hart,POR,27,195.58,97.52228,Villanova,USA,2017,1,30,54,14.9,7.2,4.1,-4.9,0.033,0.183,0.184,0.61,0.19
Justin Jackson,PHX,27,203.2,99.79024,UNC,USA,2017,1,15,7,2.1,1,0.3,-15.6,0.019,0.167,0.177,0.472,0.125
Lonzo Ball,CHI,24,198.12,86.18248,UCLA,USA,2017,1,2,35,13,5.4,5.1,3.1,0.029,0.125,0.17,0.575,0.203
Malik Monk,LAL,24,190.5,90.7184,Kentucky,USA,2017,1,11,76,13.8,3.4,2.9,0.3,0.017,0.099,0.195,0.597,0.144
Luke Kennard,LAC,26,195.58,93.439952,Duke,USA,2017,1,12,70,11.9,3.3,2.1,3.4,0.01,0.1,0.16,0.619,0.111
Markelle Fultz,ORL,24,193.04,94.800728,Washington,USA,2017,1,1,18,10.8,2.7,5.5,-5.3,0.01,0.116,0.265,0.517,0.448
Grayson Allen,MIL,26,193.04,89.811216,Duke,USA,2018,1,21,66,11.1,3.4,1.5,5,0.017,0.097,0.148,0.609,0.075
Donte DiVincenzo,SAC,25,193.04,92.079176,Villanova,USA,2018,1,17,42,9,4,2.8,-3.7,0.039,0.125,0.187,0.51,0.167
Jaren Jackson Jr.,MEM,22,210.82,109.769264,Michigan State,USA,2018,1,4,78,16.3,5.8,1.1,7.9,0.05,0.145,0.248,0.535,0.058
Aaron Holiday,PHX,25,182.88,83.91452,UCLA,USA,2018,1,23,63,6.3,1.9,2.4,-1.4,0.023,0.092,0.182,0.544,0.223
Anfernee Simons,POR,23,190.5,82.100152,None,USA,2018,1,24,57,17.3,2.6,3.9,-2.5,0.015,0.075,0.244,0.583,0.219
Deandre Ayton,PHX,23,210.82,113.398,Arizona,Bahamas,2018,1,1,58,17.2,10.2,1.4,9.6,0.093,0.241,0.217,0.656,0.071
Chandler Hutchison,PHX,26,198.12,95.25432,Boise State,USA,2018,1,22,6,0.7,0.8,0.3,27.3,0,0.167,0.111,0.694,0.105
Collin Sexton,CLE,23,185.42,86.18248,Alabama,USA,2018,1,8,11,16,3.3,2.1,-5.8,0.041,0.066,0.264,0.523,0.125
Shai Gilgeous-Alexander,OKC,23,198.12,81.64656,Kentucky,Canada,2018,1,11,56,24.5,5,5.9,-6.4,0.017,0.114,0.298,0.557,0.293
Robert Williams III,BOS,24,205.74,107.501304,Texas A&M,USA,2018,1,27,61,10,9.6,2,10,0.131,0.178,0.112,0.745,0.095
Trae Young,ATL,23,185.42,74.389088,Oklahoma,USA,2018,1,5,76,28.4,3.7,9.7,2.3,0.019,0.087,0.333,0.603,0.442
Wendell Carter Jr.,ORL,23,208.28,122.46984,Duke,USA,2018,1,7,62,15,10.5,2.8,-3.7,0.074,0.26,0.206,0.601,0.15
Troy Brown Jr.,CHI,22,198.12,97.52228,Oregon,USA,2018,1,15,66,4.3,3.1,1,-2.3,0.038,0.154,0.118,0.525,0.082
Kevin Knox II,ATL,22,200.66,97.52228,Kentucky,USA,2018,1,9,30,3.1,1.5,0.3,-15.1,0.055,0.127,0.187,0.491,0.077
Kevin Huerter,ATL,23,200.66,89.811216,Maryland,USA,2018,1,19,74,12.1,3.4,2.7,3.8,0.014,0.098,0.169,0.57,0.125
Landry Shamet,PHX,25,193.04,86.18248,Wichita State,USA,2018,1,26,69,8.3,1.8,1.6,4.9,0.01,0.072,0.16,0.55,0.104
Josh Okogie,MIN,23,193.04,96.615096,Georgia Tech,Nigeria,2018,1,20,49,2.7,1.4,0.5,2.5,0.049,0.077,0.115,0.526,0.066
Moritz Wagner,ORL,25,210.82,111.13004,Michigan,Germany,2018,1,25,63,9,3.7,1.4,-7.2,0.041,0.19,0.224,0.623,0.151
Mo Bamba,ORL,24,213.36,104.779752,Texas-Austin,USA,2018,1,6,71,10.6,8.1,1.2,-9.6,0.077,0.214,0.17,0.582,0.073
Miles Bridges,CHA,24,200.66,102.0582,Michigan State,USA,2018,1,12,80,20.2,7,3.8,2.1,0.03,0.158,0.224,0.593,0.153
Mikal Bridges,PHX,25,198.12,94.800728,Villanova,USA,2018,1,10,82,14.2,4.2,2.3,9.8,0.027,0.089,0.149,0.627,0.084
Michael Porter Jr.,DEN,24,208.28,98.883056,Missouri,USA,2018,1,14,9,9.9,6.6,1.9,9.8,0.035,0.172,0.192,0.416,0.085
Lonnie Walker IV,SAS,23,193.04,92.532768,Miami,USA,2018,1,18,70,12.1,2.6,2.2,-3,0.01,0.095,0.232,0.512,0.137
Luka Doncic,DAL,23,200.66,104.32616,None,Slovenia,2018,1,3,65,28.4,9.1,8.7,3.5,0.025,0.23,0.368,0.571,0.458
Marvin Bagley III,DET,23,210.82,106.59412,Duke,USA,2018,1,2,48,11.3,7,0.8,-5.6,0.084,0.2,0.191,0.551,0.049
Goga Bitadze,IND,22,213.36,113.398,None,Georgia,2019,1,18,50,7,3.5,1.1,-2.4,0.106,0.139,0.191,0.595,0.11
Grant Williams,BOS,23,198.12,107.047712,Tennessee,USA,2019,1,22,77,7.8,3.6,1,4.5,0.035,0.107,0.123,0.635,0.058
Dylan Windler,CLE,25,198.12,88.904032,Belmont,USA,2019,1,26,50,2.2,1.8,0.7,0,0.047,0.146,0.115,0.519,0.111
Jaxson Hayes,NOP,22,210.82,99.79024,Texas-Austin,USA,2019,1,8,70,9.3,4.5,0.6,0.5,0.08,0.146,0.159,0.68,0.047
Jarrett Culver,MEM,23,198.12,88.45044,Texas Tech,USA,2019,1,6,37,3.5,1.3,0.9,-2.3,0.033,0.101,0.199,0.433,0.135
Ja Morant,MEM,22,190.5,78.925008,Murray State,USA,2019,1,2,57,27.4,5.7,6.7,4.1,0.037,0.124,0.33,0.575,0.33
Brandon Clarke,MEM,25,203.2,97.52228,Gonzaga,Canada,2019,1,21,64,10.4,5.3,1.3,7.5,0.099,0.148,0.171,0.66,0.101
Cameron Johnson,PHX,26,203.2,95.25432,North Carolina,USA,2019,1,11,66,12.5,4.1,1.5,6.2,0.023,0.123,0.167,0.625,0.079
Cam Reddish,NYK,22,203.2,98.429464,Duke,USA,2019,1,10,49,10.1,2.1,1,-9.8,0.023,0.075,0.213,0.543,0.078
De'Andre Hunter,ATL,24,203.2,100.243832,Virginia,USA,2019,1,4,53,13.4,3.3,1.3,0.7,0.016,0.093,0.194,0.547,0.06
Darius Garland,CLE,22,185.42,87.089664,Vanderbilt,USA,2019,1,5,68,21.7,3.3,8.6,6.6,0.017,0.074,0.272,0.576,0.378
Darius Bazley,OKC,22,203.2,94.347136,None,USA,2019,1,23,69,10.8,6.3,1.4,-11.3,0.034,0.176,0.18,0.515,0.078
Chuma Okeke,ORL,23,198.12,103.872568,Auburn,USA,2019,1,16,70,8.6,5,1.7,-8.8,0.024,0.165,0.159,0.501,0.104
Coby White,CHI,22,193.04,88.45044,North Carolina,USA,2019,1,7,61,12.7,3,2.9,-1.2,0.011,0.099,0.195,0.564,0.147
Rui Hachimura,WAS,24,203.2,104.32616,Gonzaga,Japan,2019,1,9,42,11.3,3.8,1.1,-7.1,0.027,0.143,0.205,0.579,0.08
Romeo Langford,SAS,22,195.58,97.975872,Indiana,USA,2019,1,14,48,4.5,2.3,0.4,1,0.035,0.092,0.123,0.52,0.04
Sekou Doumbouya,LAL,21,205.74,104.32616,None,France,2019,1,15,2,7,3,0,67.8,0.111,0.182,0.286,0.717,0
P.J. Washington,CHA,23,200.66,104.32616,Kentucky,USA,2019,1,12,65,10.3,5.2,2.3,3.5,0.044,0.142,0.154,0.588,0.112
RJ Barrett,NYK,22,198.12,97.068688,Duke,Canada,2019,1,3,70,20,5.8,3,-3.3,0.025,0.136,0.268,0.511,0.146
Ty Jerome,OKC,24,195.58,88.45044,Virginia,USA,2019,1,24,48,7.1,1.6,2.3,-1.5,0.021,0.072,0.205,0.488,0.229
Tyler Herro,MIA,22,195.58,88.45044,Kentucky,USA,2019,1,13,66,20.7,5,4,5.3,0.015,0.133,0.278,0.561,0.205
Kevin Porter Jr.,HOU,22,193.04,92.079176,Southern California,USA,2019,1,30,61,15.6,4.4,6.2,-6.7,0.022,0.111,0.239,0.531,0.302
Jordan Poole,GSW,23,193.04,87.996848,Michigan,USA,2019,1,28,76,18.5,3.4,4,6.6,0.015,0.094,0.252,0.598,0.207
Keldon Johnson,SAS,22,198.12,99.79024,Kentucky,USA,2019,1,29,75,17,6.1,2.1,2.1,0.031,0.148,0.21,0.574,0.091
Nassir Little,POR,22,195.58,99.79024,North Carolina,USA,2019,1,25,42,9.8,5.6,1.3,-0.9,0.052,0.158,0.155,0.575,0.074
Nickeil Alexander-Walker,UTA,23,195.58,92.98636,Virginia Tech,Canada,2019,1,17,65,10.6,2.9,2.4,-3.1,0.024,0.103,0.237,0.475,0.166
Matisse Thybulle,PHI,25,195.58,91.171992,Washington,USA,2019,1,20,66,5.7,2.3,1.1,3.8,0.026,0.064,0.095,0.594,0.063
Immanuel Quickley,NYK,23,190.5,86.18248,Kentucky,USA,2020,1,25,78,11.3,3.2,3.5,6.6,0.017,0.114,0.217,0.543,0.244
Isaac Okoro,CLE,21,195.58,102.0582,Auburn,USA,2020,1,5,67,8.8,3,1.8,3.1,0.037,0.065,0.123,0.589,0.083
Devin Vassell,SAS,21,195.58,90.7184,Florida State,USA,2020,1,11,71,12.3,4.3,1.9,1,0.021,0.128,0.184,0.54,0.096
Isaiah Stewart,DET,21,203.2,113.398,Washington,USA,2020,1,16,71,8.3,8.7,1.2,-9.5,0.111,0.217,0.144,0.55,0.07
Jaden McDaniels,MIN,21,205.74,83.91452,Washington,USA,2020,1,28,70,9.2,4.2,1.1,0.6,0.038,0.115,0.149,0.553,0.063
Jalen Smith,IND,22,208.28,97.52228,Maryland,USA,2020,1,10,51,9.2,6,0.5,2.7,0.101,0.216,0.193,0.595,0.038
Desmond Bane,MEM,24,195.58,97.52228,TCU,USA,2020,1,30,76,18.2,4.4,2.7,6.9,0.018,0.118,0.226,0.592,0.136
Alekesej Pokusevski,OKC,20,213.36,86.18248,None,Serbia,2020,1,17,61,7.6,5.2,2.1,-2.5,0.054,0.189,0.195,0.485,0.161
Aaron Nesmith,BOS,22,195.58,97.52228,Vanderbilt,USA,2020,1,14,52,3.8,1.7,0.4,3,0.025,0.117,0.164,0.507,0.057
Anthony Edwards,MIN,20,193.04,102.0582,Georgia,USA,2020,1,1,72,21.3,4.8,3.8,4,0.023,0.113,0.262,0.56,0.173
Deni Avdija,WAS,21,205.74,95.25432,None,Israel,2020,1,9,82,8.4,5.2,2,-1,0.027,0.182,0.158,0.536,0.117
Cole Anthony,ORL,22,190.5,83.91452,North Carolina,USA,2020,1,15,65,16.3,5.4,5.7,-5.4,0.015,0.145,0.245,0.519,0.281
Saddiq Bey,DET,23,200.66,97.52228,Villanova,USA,2020,1,19,82,16.1,5.4,2.8,-9.3,0.035,0.125,0.209,0.529,0.138
Patrick Williams,CHI,20,200.66,97.52228,Florida State,USA,2020,1,4,17,9,4.1,0.9,-5.5,0.04,0.132,0.139,0.637,0.051
Onyeka Okongwu,ATL,21,203.2,108.86208,Southern California,USA,2020,1,6,48,8.2,5.9,1.1,5.5,0.117,0.163,0.137,0.714,0.078
Payton Pritchard,BOS,24,185.42,88.45044,Oregon,USA,2020,1,26,71,6.2,1.9,2,2.2,0.031,0.093,0.18,0.578,0.222
Precious Achiuwa,TOR,22,203.2,102.0582,Memphis,Nigeria,2020,1,20,73,9.1,6.5,1.1,1.9,0.075,0.188,0.18,0.503,0.072
R.J. Hampton,ORL,21,193.04,79.3786,None,USA,2020,1,24,64,7.6,3,2.5,-14.5,0.015,0.12,0.18,0.481,0.179
Zeke Nnaji,DEN,21,205.74,108.86208,Arizona,USA,2020,1,22,41,6.6,3.6,0.4,-3.2,0.077,0.141,0.146,0.629,0.037
Tyrese Haliburton,IND,22,195.58,83.91452,Iowa State,USA,2020,1,12,77,15.3,4,8.2,-6,0.022,0.093,0.184,0.595,0.335
Tyrese Maxey,PHI,21,187.96,90.7184,Kentucky,USA,2020,1,21,75,17.5,3.2,4.3,3.6,0.01,0.08,0.199,0.594,0.191
Udoka Azubuike,UTA,22,213.36,122.46984,Kansas,Nigeria,2020,1,27,17,4.7,4.2,0,2,0.093,0.233,0.143,0.743,0
Killian Hayes,DET,20,195.58,88.45044,None,France,2020,1,7,66,6.9,3.2,4.2,-10.3,0.02,0.108,0.154,0.461,0.243
Kira Lewis Jr.,NOP,21,185.42,77.11064,Alabama,USA,2020,1,13,24,5.9,1.6,2,-14.1,0.023,0.083,0.209,0.466,0.239
Leandro Bolmaro,MIN,21,198.12,90.7184,None,Argentina,2020,1,23,35,1.4,1.2,0.6,0.2,0.062,0.107,0.122,0.419,0.118
LaMelo Ball,CHA,20,200.66,81.64656,None,USA,2020,1,3,75,20.1,6.7,7.6,1.5,0.042,0.157,0.271,0.554,0.341
Josh Green,DAL,21,195.58,90.7184,Arizona,Australia,2020,1,18,67,4.8,2.4,1.2,3.7,0.049,0.105,0.13,0.578,0.11
Obi Toppin,NYK,24,205.74,99.79024,Dayton,USA,2020,1,8,72,9,3.7,1.1,6.9,0.056,0.155,0.205,0.614,0.105
Malachi Flynn,TOR,24,185.42,79.3786,San Diego State,USA,2020,1,29,44,4.3,1.4,1.6,-2.6,0.016,0.097,0.157,0.488,0.185
Franz Wagner,ORL,20,208.28,99.79024,Michigan,Germany,2021,1,8,79,15.2,4.5,2.9,-4.9,0.033,0.106,0.208,0.559,0.151
Evan Mobley,CLE,21,210.82,97.52228,Southern California,USA,2021,1,3,69,15,8.3,2.5,1.7,0.063,0.174,0.201,0.549,0.117
Isaiah Jackson,IND,20,208.28,92.98636,Kentucky,USA,2021,1,22,36,8.3,4.1,0.3,-2.8,0.109,0.157,0.214,0.607,0.027
Jaden Springer,PHI,19,193.04,91.625584,Tennessee,USA,2021,1,28,2,1,1,0,-72.4,0.143,0.125,0.118,1,0
James Bouknight,CHA,21,193.04,86.18248,Connecticut,USA,2021,1,11,31,4.6,1.7,0.8,-6.2,0.064,0.09,0.226,0.459,0.132
Jalen Suggs,ORL,21,195.58,92.98636,Gonzaga,USA,2021,1,5,48,11.8,3.6,4.4,-7.1,0.019,0.102,0.244,0.455,0.249
Jalen Johnson,ATL,20,203.2,99.336648,Duke,USA,2021,1,20,22,2.4,1.2,0.1,-10,0.016,0.175,0.183,0.59,0.045
Jalen Green,HOU,20,193.04,84.368112,None,USA,2021,1,2,67,17.3,3.4,2.6,-11.3,0.015,0.088,0.234,0.547,0.132
Bones Hyland,DEN,21,187.96,76.657048,Virginia Commonwealth,USA,2021,1,26,69,10.1,2.7,2.8,1.7,0.011,0.133,0.231,0.558,0.22
Cam Thomas,BKN,20,190.5,95.25432,Louisiana State,Japan,2021,1,27,67,8.5,2.4,1.2,-6.4,0.013,0.118,0.212,0.519,0.102
Cade Cunningham,DET,20,198.12,99.79024,Oklahoma State,USA,2021,1,1,64,17.4,5.5,5.6,-6.2,0.026,0.143,0.273,0.504,0.283
Alperen Sengun,HOU,19,208.28,110.222856,None,Turkey,2021,1,16,72,9.6,5.5,2.6,-10.2,0.089,0.174,0.214,0.552,0.193
Day'Ron Sharpe,BKN,20,205.74,120.20188,North Carolina,USA,2021,1,29,32,6.2,5,0.5,6.9,0.197,0.198,0.205,0.593,0.062
Davion Mitchell,SAC,23,182.88,91.625584,Baylor,USA,2021,1,9,75,11.5,2.2,4.2,-6,0.015,0.062,0.202,0.489,0.235
Chris Duarte,IND,25,195.58,86.18248,Oregon,Dominican Republic,2021,1,13,55,13.1,4.1,2.1,-2,0.026,0.117,0.207,0.537,0.11
Corey Kispert,WAS,23,198.12,101.604608,Gonzaga,USA,2021,1,15,77,8.2,2.7,1.1,0.1,0.03,0.084,0.142,0.586,0.064
Jonathan Kuminga,GSW,19,200.66,102.0582,None,DRC,2021,1,7,70,9.3,3.3,0.9,1.9,0.047,0.139,0.227,0.6,0.087
Santi Aldama,MEM,21,210.82,97.52228,Loyola-Maryland,Spain,2021,1,30,32,4.1,2.7,0.7,1.3,0.077,0.15,0.174,0.452,0.08
Scottie Barnes,TOR,20,200.66,102.0582,Florida State,USA,2021,1,4,74,15.3,7.5,3.5,1.8,0.068,0.141,0.187,0.552,0.15
Ziaire Williams,MEM,20,205.74,83.91452,Stanford,USA,2021,1,10,62,8.1,2.1,1,4.2,0.017,0.071,0.144,0.559,0.062
Quentin Grimes,NYK,22,193.04,95.25432,Houston,USA,2021,1,25,46,6,2,1,-3,0.028,0.085,0.149,0.565,0.095
Tre Mann,OKC,21,190.5,80.739376,Florida,USA,2021,1,18,60,10.4,2.9,1.5,-10.3,0.017,0.101,0.213,0.501,0.108
Trey Murphy III,NOP,22,203.2,93.439952,Virginia,USA,2021,1,17,62,5.4,2.4,0.6,0.3,0.049,0.122,0.147,0.558,0.065
Usman Garuba,HOU,20,203.2,103.872568,None,Spain,2021,1,23,24,2,3.5,0.7,7,0.083,0.263,0.091,0.51,0.084
Keon Johnson,POR,20,193.04,83.91452,Tennessee,USA,2021,1,21,37,7.2,2.2,2.1,-19,0.031,0.083,0.207,0.453,0.174
Joshua Primo,SAS,19,193.04,85.728888,Alabama,Canada,2021,1,12,50,5.8,2.3,1.6,-3.3,0.031,0.079,0.152,0.487,0.111
Josh Giddey,OKC,19,203.2,92.98636,None,Australia,2021,1,6,54,12.5,7.8,6.4,-8.3,0.052,0.175,0.218,0.478,0.325
Josh Christopher,HOU,20,190.5,97.52228,Arizona State,USA,2021,1,24,74,7.9,2.5,2,-9.2,0.037,0.103,0.205,0.534,0.17
Kai Jones,CHA,21,208.28,100.243832,Texas-Austin,Bahamas,2021,1,19,21,1,0.5,0.2,-11.1,0.045,0.114,0.15,0.628,0.103
Moses Moody,GSW,20,195.58,95.707912,Arkansas,USA,2021,1,14,52,4.4,1.5,0.4,-4,0.028,0.098,0.148,0.573,0.056
Scotty Hopson,OKC,32,200.66,92.532768,Tennessee,USA,2011,0,0,1,4,1,1,-18.4,0,0.043,0.143,0.5,0.091